,State,Date_Recorded,First_Case_Date,NumberOfDays,Confirmed_Cases_Count,Death_Count,Recovered_Cases_Count,Confirmation_Rate,Deaths_Rate,Recovered_Rate,BendCurve,Over_30_60_Days,State,State,Party,2016 Presidential Election,Governor,State Senate,State House,Senior US Senator,Junior U.S. Senator,U.S. House of Representatives
3203,AK,5/14/2020,3/11/2020,64,194,5,0,3.03125,0.078125,0,0,1,AK,Alabama,0,Republican,Republican,Republican 27?8,Republican 77?28,Republican,Democratic,Republican 6?1
3216,AL,5/14/2020,3/11/2020,64,1545,96,0,24.140625,1.5,0,0,,AL,Alaska,0,Republican,Republican,Republican 13?7,Coalition 23?17[b],Republican,Republican,Republican
3204,AR,5/14/2020,3/11/2020,64,942,23,0,14.71875,0.359375,0,0,,AR,Arizona,0,Republican,Republican,Republican 17?13,Republican 31?29,Democratic,Republican,Democratic 5?4
3169,AZ,5/14/2020,1/26/2020,109,6341,281,1,58.17431193,2.577981651,0.009174312,1,3,AZ,Arkansas,0,Republican,Republican,Republican 26?9,Republican 76?24,Republican,Republican,Republican 4
3168,CA,5/14/2020,1/26/2020,109,34538,1660,6,316.8623853,15.2293578,0.055045872,1,3,CA,California,1,Democratic,Democratic,Democratic 29?11,Democratic 61?19,Democratic,Democratic,Democratic 46?7
3173,CO,5/14/2020,3/10/2020,65,4254,233,0,65.44615385,3.584615385,0,0,2,CO,Colorado,1,Democratic,Democratic,Democratic 19?16,Democratic 41?24,Democratic,Republican,Democratic 4?3
3195,CT,5/14/2020,3/10/2020,65,13636,1068,0,209.7846154,16.43076923,0,0,2,CT,Connecticut,1,Democratic,Democratic,Democratic 22?14,Democratic 91?60,Democratic,Democratic,Democratic 5
3205,DE,5/14/2020,3/11/2020,64,3336,102,0,52.125,1.59375,0,0,,DE,Delaware,1,Democratic,Democratic,Democratic 12?9,Democratic 26?15,Democratic,Democratic,Democratic
3174,FL,5/14/2020,3/10/2020,65,14468,518,0,222.5846154,7.969230769,0,0,2,FL,Florida,0,Republican,Republican,Republican 23?17,Republican 73?47,Republican,Republican,Republican 14?13
3172,GA,5/14/2020,3/10/2020,65,3614,152,0,55.6,2.338461538,0,0,2,GA,Georgia,0,Republican,Republican,Republican 35?21,Republican 105?75,Republican,Republican,Republican 9?5
3196,HI,5/14/2020,3/10/2020,65,414,11,0,6.369230769,0.169230769,0,0,2,HI,Hawaii,1,Democratic,Democratic,Democratic 24?1,Democratic 46?5,Democratic,Democratic,Democratic 2
3179,IA,5/14/2020,3/10/2020,65,2551,65,0,39.24615385,1,0,0,2,IA,Idaho,0,Republican,Republican,Republican 28?7,Republican 56?14,Republican,Republican,Republican 2
3206,ID,5/14/2020,3/11/2020,64,744,21,0,11.625,0.328125,0,0,,ID,Illinois,1,Democratic,Democratic,Democratic 40?19,Democratic 74?44,Democratic,Democratic,Democratic 13?5
3167,IL,5/14/2020,1/25/2020,110,56406,2589,2,512.7818182,23.53636364,0.018181818,1,3,IL,Indiana,0,Republican,Republican,Republican 40?10,Republican 67?33,Republican,Republican,Republican 7?2
3185,IN,5/14/2020,3/10/2020,65,7703,440,0,118.5076923,6.769230769,0,0,2,IN,Iowa,0,Republican,Republican,Republican 32?18,Republican 53?47,Republican,Republican,Democratic 3?1
3199,KS,5/14/2020,3/10/2020,65,1229,66,0,18.90769231,1.015384615,0,0,2,KS,Kansas,0,Republican,Democratic,Republican 28?11?1[d],Republican 84?41,Republican,Republican,Republican 3?1
3186,KY,5/14/2020,3/10/2020,65,1713,115,1,26.35384615,1.769230769,0.015384615,1,2,KY,Kentucky,0,Republican,Democratic,Republican 29?9,Republican 61?39,Republican,Republican,Republican 5?1
3200,LA,5/14/2020,3/10/2020,65,6833,481,0,105.1230769,7.4,0,0,2,LA,Louisiana,0,Republican,Democratic,Republican 27?12,Republican 68?35?2[d],Republican,Republican,Republican 5?1
3171,MA,5/14/2020,3/10/2020,65,18201,1282,1,280.0153846,19.72307692,0.015384615,1,2,MA,Maine,1,Democratic,Democratic,Democratic 21?14,Democratic 89?56?6[d],Republican,Independent[e],Democratic 2
3180,MD,5/14/2020,3/10/2020,65,10072,422,3,154.9538462,6.492307692,0.046153846,1,2,MD,Maryland,1,Democratic,Republican,Democratic 32?15,Democratic 99?42,Democratic,Democratic,Democratic
3207,ME,5/14/2020,3/11/2020,64,744,32,0,11.625,0.5,0,0,,ME,Massachusetts,1,Democratic,Republican,Democratic 34?6,Democratic 127?32?1[d],Democratic,Democratic,Democratic 9
3208,MI,5/14/2020,3/11/2020,64,18389,2156,0,287.328125,33.6875,0,0,,MI,Michigan,0,Republican,Democratic,Republican 22?16,Republican 58?52,Democratic,Democratic,Democratic 7?6?1[f]
3190,MN,5/14/2020,3/10/2020,65,4183,426,0,64.35384615,6.553846154,0,0,2,MN,Minnesota,1,Democratic,Democratic,Republican 35?32,Democratic 75?59,Democratic,Democratic,Democratic 5?3
3201,MO,5/14/2020,3/10/2020,65,4022,293,0,61.87692308,4.507692308,0,0,2,MO,Mississippi,0,Republican,Republican,Republican 36?16,Republican,Republican,Republican,Republican 3?1
3209,MS,5/14/2020,3/11/2020,64,698,45,0,10.90625,0.703125,0,0,,MS,Missouri,0,Republican,Republican,Republican 24?10,Republican 116?47,Republican,Republican,Republican 6?2
3210,MT,5/14/2020,3/11/2020,64,149,6,0,2.328125,0.09375,0,0,,MT,Montana,0,Republican,Democratic,Republican 30?20,Republican 58?42,Democratic,Republican,Republican
3181,NC,5/14/2020,3/10/2020,65,2283,63,0,35.12307692,0.969230769,0,0,2,NC,Nebraska,0,Republican,Republican,Unicameral nonpartisan legislature[g],,Republican,Republican,Republican 3
3212,ND,5/14/2020,3/11/2020,64,935,23,0,14.609375,0.359375,0,0,,ND,Nevada,1,Democratic,Democratic,Democratic 13?8,Democratic 29?13,Democratic,Democratic,Democratic 3?1
3191,NE,5/14/2020,3/10/2020,65,1779,33,0,27.36923077,0.507692308,0,0,2,NE,New Hampshire,1,Democratic,Republican,Democratic 14?10,Democratic 234?166,Democratic,Democratic,Democratic 2
3189,NH,5/14/2020,3/10/2020,65,1592,64,0,24.49230769,0.984615385,0,0,2,NH,New Jersey,1,Democratic,Democratic,Democratic 25?15,Democratic 54?26,Democratic,Democratic,Democratic 10-2
3175,NJ,5/14/2020,3/10/2020,65,17801,1482,1,273.8615385,22.8,0.015384615,1,2,NJ,New Mexico,1,Democratic,Democratic,Democratic 26?16,Democratic 46?24,Democratic,Democratic,Democratic 3
3211,NM,5/14/2020,3/11/2020,64,1681,80,0,26.265625,1.25,0,0,,NM,New York,1,Democratic,Democratic,Democratic 40?22?1,Democratic 106?43?1[d],Democratic,Democratic,Democratic 21?5?1[d][f]
3188,NV,5/14/2020,3/10/2020,65,5045,275,0,77.61538462,4.230769231,0,0,2,NV,North Carolina,0,Republican,Democratic,Republican 29?21,Republican 65?55,Republican,Republican,Republican 10?3
3170,NY,5/14/2020,3/10/2020,65,187250,20316,0,2880.769231,312.5538462,0,0,2,NY,North Dakota,0,Republican,Republican,Republican 37?10,Republican 79?15,Republican,Republican,Republican
3192,OH,5/14/2020,3/10/2020,65,4113,187,0,63.27692308,2.876923077,0,0,2,OH,Ohio,0,Republican,Republican,Republican 24?9,Republican 61?38,Democratic,Republican,Republican 12?4
3197,OK,5/14/2020,3/10/2020,65,1007,43,0,15.49230769,0.661538462,0,0,2,OK,Oklahoma,0,Republican,Republican,Republican 39?9,Republican 77?24,Republican,Republican,Republican 4?1
3176,OR,5/14/2020,3/10/2020,65,921,53,0,14.16923077,0.815384615,0,0,2,OR,Oregon,1,Democratic,Democratic,Democratic 18?12,Democratic 38?22,Democratic,Democratic,Democratic 4?1
3178,PA,5/14/2020,3/10/2020,65,18779,986,0,288.9076923,15.16923077,0,0,2,PA,Pennsylvania,0,Republican,Democratic,Republican 28?22,Republican 110?93,Democratic,Republican,Tied 9?9
3193,RI,5/14/2020,3/10/2020,65,9112,462,0,140.1846154,7.107692308,0,0,2,RI,Rhode Island,1,Democratic,Democratic,Democratic 33?5,Democratic 66?9,Democratic,Democratic,Democratic 2
3182,SC,5/14/2020,3/10/2020,65,1167,59,0,17.95384615,0.907692308,0,0,2,SC,South Carolina,0,Republican,Republican,Republican 27?19,Republican 80?44,Republican,Republican,Republican 5?2
3213,SD,5/14/2020,3/11/2020,64,3017,29,0,47.140625,0.453125,0,0,,SD,South Dakota,0,Republican,Republican,Republican 30?5,Republican 59?11,Republican,Republican,Republican
3183,TN,5/14/2020,3/10/2020,65,3623,75,0,55.73846154,1.153846154,0,0,2,TN,Tennessee,0,Republican,Republican,Republican 28?5,Republican 73?26,Republican,Republican,Republican 7?2
3177,TX,5/14/2020,3/10/2020,65,8621,188,0,132.6307692,2.892307692,0,0,2,TX,Texas,0,Republican,Republican,Republican 19?12,Republican 83?67,Republican,Republican,Republican 23?13
3198,UT,5/14/2020,3/10/2020,65,3530,51,0,54.30769231,0.784615385,0,0,2,UT,Utah,0,Republican,Republican,Republican 23?6,Republican 59?16,Republican,Republican,Republican 3?1
3184,VA,5/14/2020,3/10/2020,65,6666,262,0,102.5538462,4.030769231,0,0,2,VA,Vermont,1,Democratic,Republican,Democratic 22?6?2[d],Democratic 95?43?12[d],Democratic,Independent[e],Democratic
3202,VT,5/14/2020,3/10/2020,65,432,37,0,6.646153846,0.569230769,0,0,2,VT,Virginia,1,Democratic,Democratic,Democratic 21?19,Democratic 55?45,Democratic,Democratic,Democratic 7?4
3166,WA,5/14/2020,1/22/2020,113,7212,518,1,63.82300885,4.584070796,0.008849558,1,3,WA,Washington,1,Democratic,Democratic,Democratic 29?20,Democratic 57?41,Democratic,Democratic,Democratic 7?3
3194,WI,5/14/2020,3/10/2020,65,4215,236,1,64.84615385,3.630769231,0.015384615,1,2,WI,West Virginia,0,Republican,Republican,Republican 20?14,Republican 59?41,Democratic,Republican,Republican 3
3214,WV,5/14/2020,3/17/2020,58,197,20,0,3.396551724,0.344827586,0,0,,WV,Wisconsin,0,Republican,Democratic,Republican 19?14,Republican 63?36,Republican,Democratic,Republican
3215,WY,5/14/2020,3/11/2020,64,202,6,0,3.15625,0.09375,0,0,,WY,Wyoming,0,Republican,Republican,Republican 27?3,Republican 50?9?1,Republican,Republican,Republican
